Afghanistan;;;;
Albania;;;;
Algeria;;;;
Andorra;;;;
Angola;;;;
Argentina;;;;
Aruba;;;;
Australia;;;;
Austria;;;;
Azerbaijan;;;;
Bahrain;;;;
Bangladesh;;;;
Barbados;;;;
Belarus;;;;
Belgium;;;;
Belize;;;;
Benin;;;;
Bermuda;;;;
Bhutan;;;;
Bolivia;;;;
Bosnia and Herzegovina;;;;
Botswana;;;;
Brazil;;;;
Brunei;;;;
Bulgaria;;;;
Burkina Faso;;;;
Burundi;;;;
Cambodia;;;;
Cameroon;;;;
Canada;;;;
Cape Verde;;;;
Central African Republic;;;;
Chad;;;;
Chile;;;;
China;;;;
Colombia;;;;
Congo;;;;
Costa Rica;;;;
Cote d'Ivoire;;;;
Croatia;;;;
Cuba;;;;
Cyprus;;;;
Czech Republic;;;;
Democratic Republic of Congo;;;;
Denmark;;;;
Djibouti;;;;
Dominica;;;;
Dominican Republic;;;;
Ecuador;;;;
Egypt;;;;
El Salvador;;;;
Eritrea;;;;
Estonia;;;;
Ethiopia;;;;
Fiji;;;;
Finland;;;;
France;;;;
Gabon;;;;
Gambia;;;;
Georgia;;;;
Germany;;;;
Ghana;;;;
Greece;;;;
Greenland;;;;
Guam;;;;
Guatemala;;;;
Guinea;;;;
Guyana;;;;
Haiti;;;;
Honduras;;;;
Hong Kong;;;;
Hungary;;;;
Iceland;;;;
India;;;;
Indonesia;;;;
Iran;;;;
Iraq;;;;
Ireland;;;;
Israel;;;;
Italy;;;;
Jamaica;;;;
Japan;;;;
Jordan;;;;
Kazakhstan;;;;
Kenya;;;;
Kosovo;;;;
Kuwait;;;;
Kyrgyzstan;;;;
Laos;;;;
Latvia;;;;
Lebanon;;;;
Lesotho;;;;
Liberia;;;;
Libya;;;;
Lithuania;;;;
Luxembourg;;;;
Macao;;;;
Madagascar;;;;
Malawi;;;;
Malaysia;;;;
Mali;;;;
Mauritania;;;;
Mauritius;;;;
Mexico;;;;
Moldova;;;;
Mongolia;;;;
Morocco;;;;
Mozambique;;;;
Myanmar;;;;
Namibia;;;;
Nepal;;;;
Netherlands;;;;
New Zealand;;;;
Nicaragua;;;;
Niger;;;;
Nigeria;;;;
Norway;;;;
Oman;;;;
Pakistan;;;;
Palestine;;;;
Panama;;;;
Papua New Guinea;;;;
Paraguay;;;;
Peru;;;;
Philippines;;;;
Poland;;;;
Portugal;;;;
Puerto Rico;;;;
Qatar;;;;
Romania;;;;
Russia;;;;
Rwanda;;;;
San Marino;;;;
Saudi Arabia;;;;
Senegal;;;;
Serbia;;;;
Seychelles;;;;
Sierra Leone;;;;
Singapore;;;;
Slovakia;;;;
Slovenia;;;;
Solomon Islands;;;;
Somalia;;;;
South Africa;;;;
South Korea;;;;
South Sudan;;;;
Spain;;;;
Sri Lanka;;;;
Sudan;;;;
Suriname;;;;
Swaziland;;;;
Sweden;;;;
Switzerland;;;;
Syria;;;;
Taiwan;;;;
Tajikistan;;;;
Tanzania;;;;
Thailand;;;;
Timor;;;;
Togo;;;;
Trinidad and Tobago;;;;
Tunisia;;;;
Turkey;;;;
Turkmenistan;;;;
Uganda;;;;
Ukraine;;;;
United Arab Emirates;;;;
United Kingdom;;;;
United States;;;;
Uruguay;;;;
Uzbekistan;;;;
Vanuatu;;;;
Venezuela;;;;
Vietnam;;;;
Yemen;;;;
Zambia;;;;
Zimbabwe;;;;